{
  "method": {
    "optimizer": "scipy.optimize.minimize",
    "algorithm": "L-BFGS-B",
    "multistart_runs": 12,
    "seed": 42
  },
  "best_parameters": {
    "infil c": 0.5951013272948082,
    "k perc": 0.14965209618982026,
    "k et": 0.04997290965635908,
    "r": 0.49542598308463026,
    "g0": 0.008700353458636848,
    "d0": 0.08024339582813547,
    "d1": 0.350889891141472,
    "S half": 0.5041526252943243,
    "a v": 0.09862454516609345,
    "a p": 0.14730795303589223,
    "b": 0.08803835912839196
  },
  "default_parameters": {
    "infil c": 0.6,
    "k perc": 0.15,
    "k et": 0.05,
    "r": 0.5,
    "g0": 0.01,
    "d0": 0.08,
    "d1": 0.35,
    "S half": 0.5,
    "a v": 0.1,
    "a p": 0.16,
    "b": 0.09
  },
  "parameter_bounds": {
    "infil c": {
      "lower": 0.3,
      "upper": 0.9
    },
    "k perc": {
      "lower": 0.05,
      "upper": 0.25
    },
    "k et": {
      "lower": 0.01,
      "upper": 0.12
    },
    "r": {
      "lower": 0.2,
      "upper": 0.7
    },
    "g0": {
      "lower": 0.0,
      "upper": 0.05
    },
    "d0": {
      "lower": 0.03,
      "upper": 0.12
    },
    "d1": {
      "lower": 0.1,
      "upper": 0.45
    },
    "S half": {
      "lower": 0.2,
      "upper": 0.8
    },
    "a v": {
      "lower": 0.05,
      "upper": 0.2
    },
    "a p": {
      "lower": 0.05,
      "upper": 0.25
    },
    "b": {
      "lower": 0.02,
      "upper": 0.15
    }
  },
  "metrics": {
    "rmse": 0.038380748290993694,
    "mean_bias_sq": 7.691747104300756e-08,
    "amplitude_gap_sq": 0.005877076938329154,
    "soil_water_out_of_range": 0.0,
    "vegetation_out_of_range": 0.0,
    "ndvi_raw_out_of_range": 0.0,
    "ndvi_clipping": 0.0,
    "vegetation_flatness": 0.0,
    "soil_water_flatness": 0.0,
    "parameter_regularization": 0.00047542928732985964,
    "objective": 0.039722587004466285
  },
  "best_run_summary": {
    "start_index": 11,
    "success": true,
    "message": "CONVERGENCE: RELATIVE REDUCTION OF F <= FACTR*EPSMCH",
    "iterations": 36,
    "function_evaluations": 456
  },
  "all_runs": [
    {
      "start_index": 1,
      "objective": 0.039722593663226995,
      "success": true,
      "message": "CONVERGENCE: RELATIVE REDUCTION OF F <= FACTR*EPSMCH",
      "iterations": 19,
      "function_evaluations": 264
    },
    {
      "start_index": 2,
      "objective": 0.03972258770053246,
      "success": true,
      "message": "CONVERGENCE: RELATIVE REDUCTION OF F <= FACTR*EPSMCH",
      "iterations": 34,
      "function_evaluations": 480
    },
    {
      "start_index": 3,
      "objective": 0.03972258844910021,
      "success": true,
      "message": "CONVERGENCE: RELATIVE REDUCTION OF F <= FACTR*EPSMCH",
      "iterations": 37,
      "function_evaluations": 480
    },
    {
      "start_index": 4,
      "objective": 0.03972258825486841,
      "success": true,
      "message": "CONVERGENCE: RELATIVE REDUCTION OF F <= FACTR*EPSMCH",
      "iterations": 41,
      "function_evaluations": 540
    },
    {
      "start_index": 5,
      "objective": 0.0397225875350445,
      "success": true,
      "message": "CONVERGENCE: RELATIVE REDUCTION OF F <= FACTR*EPSMCH",
      "iterations": 28,
      "function_evaluations": 396
    },
    {
      "start_index": 6,
      "objective": 0.03972258872931046,
      "success": true,
      "message": "CONVERGENCE: RELATIVE REDUCTION OF F <= FACTR*EPSMCH",
      "iterations": 36,
      "function_evaluations": 480
    },
    {
      "start_index": 7,
      "objective": 0.03972258733042474,
      "success": true,
      "message": "CONVERGENCE: RELATIVE REDUCTION OF F <= FACTR*EPSMCH",
      "iterations": 36,
      "function_evaluations": 492
    },
    {
      "start_index": 8,
      "objective": 0.03972258865431006,
      "success": true,
      "message": "CONVERGENCE: RELATIVE REDUCTION OF F <= FACTR*EPSMCH",
      "iterations": 28,
      "function_evaluations": 396
    },
    {
      "start_index": 9,
      "objective": 0.03972258847514471,
      "success": true,
      "message": "CONVERGENCE: RELATIVE REDUCTION OF F <= FACTR*EPSMCH",
      "iterations": 30,
      "function_evaluations": 396
    },
    {
      "start_index": 10,
      "objective": 0.039722591949652414,
      "success": true,
      "message": "CONVERGENCE: RELATIVE REDUCTION OF F <= FACTR*EPSMCH",
      "iterations": 35,
      "function_evaluations": 456
    },
    {
      "start_index": 11,
      "objective": 0.039722587004466285,
      "success": true,
      "message": "CONVERGENCE: RELATIVE REDUCTION OF F <= FACTR*EPSMCH",
      "iterations": 36,
      "function_evaluations": 456
    },
    {
      "start_index": 12,
      "objective": 0.039722587355002115,
      "success": true,
      "message": "CONVERGENCE: RELATIVE REDUCTION OF F <= FACTR*EPSMCH",
      "iterations": 25,
      "function_evaluations": 336
    }
  ]
}